{"intrinsic_growth_rate": 0.18920711500272103, "gamma": 0.07142857142857142, "beta": 3.5780051202948644e-08, "r_naught": 3.648899610038094, "r_t": 2.5177407309262847, "doubling_time_t": 6.734383141018801}